{
  "version": 1,
  "author": "Anonymous maker",
  "editor": "wokwi",
  "parts": [
    { "type": "wokwi-arduino-uno", "id": "uno", "top": -28.2, "left": 249, "attrs": {} },
    {
      "type": "wokwi-lcd1602",
      "id": "lcd1",
      "top": 131.2,
      "left": -80.8,
      "attrs": { "pins": "i2c" }
    },
    { "type": "board-ds18b20", "id": "temp1", "top": 200.47, "left": 272.88, "attrs": {} },
    { "type": "wokwi-ds1307", "id": "rtc1", "top": 186.6, "left": 355.3, "attrs": {} },
    {
      "type": "wokwi-resistor",
      "id": "r1",
      "top": 272.75,
      "left": 249.6,
      "attrs": { "value": "4700" }
    }
  ],
  "connections": [
    [ "temp1:GND", "uno:GND.3", "black", [ "v0" ] ],
    [ "temp1:VCC", "uno:5V", "red", [ "v0" ] ],
    [ "temp1:DQ", "uno:2", "green", [ "v0" ] ],
    [ "temp1:VCC", "r1:2", "red", [ "v0" ] ],
    [ "temp1:DQ", "r1:1", "green", [ "v0" ] ],
    [ "rtc1:5V", "uno:5V", "red", [ "h0" ] ],
    [ "rtc1:GND", "uno:GND.2", "black", [ "h0" ] ],
    [ "rtc1:SDA", "uno:A4", "green", [ "h0" ] ],
    [ "rtc1:SCL", "uno:A5", "green", [ "h0" ] ],
    [ "lcd1:GND", "uno:GND.3", "black", [ "h0" ] ],
    [ "lcd1:VCC", "uno:5V", "red", [ "h0" ] ],
    [ "lcd1:SDA", "uno:A4", "green", [ "h0" ] ],
    [ "lcd1:SCL", "uno:A5", "green", [ "h0" ] ]
  ],
  "dependencies": {}
}